{"count":1,"gauges":{"My Behavior.CumulativeReward":{"count":197,"max":10.22658,"min":-650.382935,"value":-128.017838,"weightedAverage":-257.2695}},"self":171.05093119999998,"total":270.162761,"children":{"AgentSendState":{"count":78842,"self":0.921219,"total":1.6831429999999998,"children":{"CollectObservations":{"count":15769,"self":0.190336,"total":0.190336,"children":null},"CollectDiscreteActionMasks":{"count":15769,"self":0.058802,"total":0.058802,"children":null},"AgentInfo.ToProto":{"count":15769,"self":0.21796,"total":0.512786,"children":{"GenerateSensorData":{"count":15769,"self":0.294826,"total":0.294826,"children":null}}}}},"DecideAction":{"count":78842,"self":96.543283199999991,"total":96.543281999999991,"children":null},"AgentAct":{"count":78842,"self":0.87774599999999992,"total":0.88328,"children":{"AgentInfo.ToProto":{"count":197,"self":0.0027159999999999997,"total":0.005534,"children":{"GenerateSensorData":{"count":197,"self":0.0028179999999999998,"total":0.0028179999999999998,"children":null}}}}}}}