{"count":1,"gauges":{"My Behavior.CumulativeReward":{"count":3,"max":-269.343933,"min":-504.1267,"value":-269.343933,"weightedAverage":-440.2661}},"self":3.4736447999999998,"total":12.162374999999999,"children":{"AgentSendState":{"count":1451,"self":0.021233,"total":0.041808,"children":{"CollectObservations":{"count":291,"self":0.0058059999999999995,"total":0.0058059999999999995,"children":null},"CollectDiscreteActionMasks":{"count":291,"self":0.0010739999999999999,"total":0.0010739999999999999,"children":null},"AgentInfo.ToProto":{"count":291,"self":0.0051709999999999994,"total":0.013694999999999999,"children":{"GenerateSensorData":{"count":291,"self":0.008524,"total":0.008524,"children":null}}}}},"DecideAction":{"count":1451,"self":8.6249887999999988,"total":8.624989,"children":null},"AgentAct":{"count":1451,"self":0.020139999999999998,"total":0.020221,"children":{"AgentInfo.ToProto":{"count":3,"self":5.1E-05,"total":8.099999999999999E-05,"children":{"GenerateSensorData":{"count":3,"self":2.9999999999999997E-05,"total":2.9999999999999997E-05,"children":null}}}}}}}